test,result
hi,hello! how can I assist you?
what is your name,I am a bot.
how are you,"I'm doing great, thanks for asking!"
what do you do,I help answer questions and provide information.
tell me a joke,Why did the computer show up late to work? It had a hard drive!
what is AI,AI stands for Artificial Intelligence.
who created you,I was created by the team at OpenAI.
thank you,You're welcome!
bye,Goodbye! Have a nice day!
good morning,Good morning! Hope you have a great day.
what is machine learning,Machine learning is a subset of AI that allows systems to learn from data.
define data science,Data science is the study of data to extract meaningful insights.
what is your age,I don't have an age like humans do.
do you sleep,"Nope, Iâ€™m always here when you need me!"
what is 2 + 2,2 + 2 equals 4.
what is NLP,NLP stands for Natural Language Processing.
what is deep learning,Deep learning is a part of machine learning using neural networks.
how does Google work,Google indexes and ranks web pages based on various algorithms.
what is ChatGPT,ChatGPT is an AI language model developed by OpenAI.
how can I learn Python,"You can start with free tutorials and courses online like on Codecademy, Coursera, or YouTube."
